Instance 1,Instance 2,Instance 3,Instance 4,Instance 5,Instance 6,Instance 7,Instance 8,Instance 9,Instance 10
0.492,0.831,0.465,0.485,0.555,0.095,0.73,0.123,0.779,0.001
0.557,0.016,0.68,0.834,0.97,0.595,0.929,0.983,0.665,0.107
0.914,0.507,0.823,0.861,0.011,0.767,0.381,0.592,0.761,0.567
0.926,0.997,0.181,0.261,0.278,0.12,0.697,0.76,0.42,0.687
0.408,0.142,0.346,0.81,0.056,0.696,0.056,0.911,0.906,0.423
0.972,0.199,0.168,0.105,0.334,0.367,0.715,0.806,0.026,0.624
0.854,0.664,0.654,0.063,0.063,0.941,0.924,0.683,0.802,0.241
0.43,0.226,0.796,0.615,0.514,0.214,0.249,0.635,0.763,0.54
0.795,0.722,0.05,0.036,0.493,0.327,0.778,0.956,0.978,0.899
0.941,0.377,0.785,0.007,0.442,0.396,0.95,0.646,0.951,0.26
0.964,0.72,0.146,0.793,0.646,0.48,0.176,0.001,0.079,0.518
0.698,0.517,0.834,0.917,0.387,0.61,0.825,0.969,0.424,0.023
0.457,0.971,0.03,0.475,0.805,0.353,0.175,0.846,0.819,0.501
0.419,0.324,0.618,0.026,0.472,0.534,0.586,0.53,0.615,0.187
0.283,0.446,0.869,0.853,0.235,0.454,0.37,0.691,0.831,0.5
0.938,0.67,0.845,0.103,0.489,0.464,0.847,0.633,0.596,0.488
0.099,0.045,0.154,0.763,0.405,0.333,0.511,0.802,0.63,0.918
0.302,0.295,0.277,0.971,0.218,0.904,0.754,0.661,0.621,0.207
0.652,0.876,0.227,0.324,0.091,0.465,0.97,0.088,0.486,0.161
0.257,0.873,0.024,0.817,0.718,0.05,0.927,0.353,0.088,0.704
0.162,0.013,0.053,0.952,0.442,0.48,0.787,0.328,0.913,0.288
0.127,0.362,0.959,0.193,0.635,0.781,0.925,0.469,0.89,0.741
0.008,0.066,0.257,0.952,0.782,0.067,0.318,0.049,0.407,0.045
0.163,0.268,0.209,0.767,0.682,0.049,0.037,0.607,0.906,0.196
0.755,0.293,0.912,0.039,0.419,0.457,0.118,0.548,0.791,0.604
0.327,0.611,0.889,0.081,0.248,0.875,0.923,0.225,0.713,0.416
0.708,0.295,0.369,0.79,0.605,0.885,0.875,0.739,0.395,0.085
0.658,0.918,0.199,0.874,0.156,0.063,0.475,0.28,0.537,0.385
0.863,0.222,0.774,0.289,0.171,0.329,0.362,0.855,0.012,0.052
0.723,0.596,0.698,0.824,0.322,0.727,0.173,0.927,0.013,0.14
0.632,0.55,0.284,0.815,0.349,0.046,0.792,0.615,0.141,0.421
0.671,0.319,0.602,0.922,0.771,0.883,0.877,0.655,0.695,0.325
0.646,0.7,0.875,0.653,0.52,0.695,0.856,0.462,0.526,0.172
0.598,0.96,0.418,0.611,0.129,0.844,0.689,0.184,0.948,0.207
0.546,0.254,0.725,0.33,0.651,0.299,0.99,0.895,0.733,0.987
0.342,0.753,0.03,0.064,0.689,0.412,0.868,0.517,0.174,0.242
0.512,0.523,0.307,0.484,0.88,0.358,0.466,0.971,0.652,0.691
0.031,0.891,0.522,0.253,0.151,0.937,0.78,0.441,0.096,0.881
0.858,0.684,0.409,0.326,0.725,0.742,0.535,0.549,0.5,0.648
0.658,0.05,0.424,0.928,0.581,0.768,0.37,0.533,0.01,0.865
0.332,0.381,0.576,0.71,0.237,0.395,0.117,0.21,0.864,0.945
0.479,0.497,0.756,0.565,0.849,0.057,0.999,0.82,0.497,0.265
0.14,0.648,0.261,0.263,0.989,0.108,0.671,0.288,0.733,0.25
0.173,0.83,0.175,0.801,0.171,0.619,0.106,0.63,0.713,0.141
0.291,0.847,0.871,0.716,0.141,0.736,0.372,0.125,0.686,0.144
0.801,0.896,0.131,0.328,0.281,0.502,0.705,0.337,0.223,0.123
0.379,0.377,0.352,0.151,0.415,0.314,0.797,0.768,0.215,0.698
0.495,0.49,0.298,0.404,0.472,0.111,0.539,0.854,0.061,0.07
0.628,0.242,0.671,0.606,0.417,0.795,0.643,0.391,0.076,0.679
0.313,0.846,0.294,0.119,0.845,0.84,0.766,0.777,0.615,0.876
0.323,0.422,0.796,0.67,0.98,0.676,0.027,0.619,0.289,0.272
0.928,0.345,0.004,0.271,0.095,0.156,0.665,0.252,0.602,0.473
0.91,0.726,0.22,0.696,0.774,0.631,0.722,0.573,0.172,0.708
0.196,0.337,0.439,0.313,0.799,0.766,0.324,0.911,0.167,0.676
0.916,0.912,0.775,0.678,0.139,0.134,0.256,0.286,0.307,0.879
0.217,0.896,0.233,0.816,0.678,0.847,0.413,0.872,0.223,0.76
0.099,0.092,0.456,0.556,0.561,0.401,0.501,0.771,0.686,0.126
0.734,0.445,0.996,0.142,0.556,0.935,0.852,0.727,0.301,0.198
0.452,0.043,0.092,0.062,0.915,0.631,0.798,0.687,0.26,0.603
0.847,0.666,0.81,0.696,0.344,0.181,0.921,0.005,0.565,0.061
0.762,0.512,0.308,0.87,0.382,0.65,0.395,0.36,0.197,0.898
0.382,0.583,0.263,0.195,0.661,0.945,0.972,0.693,0.742,0.864
0.186,0.272,0.347,0.941,0.574,0.173,0.592,0.942,0.064,0.597
0.994,0.416,0.116,0.821,0.139,0.14,0.162,0.66,0.221,0.234
0.97,0.543,0.308,0.836,0.363,0.597,0.037,0.623,0.07,0.139
0.673,0.077,0.293,0.941,0.602,0.732,0.843,0.985,0.21,0.563
0.057,0.959,0.126,0.926,0.124,0.962,0.65,0.629,0.203,0.169
0.506,0.005,0.811,0.678,0.44,0.781,0.018,0.722,0.263,0.523
0.03,0.774,0.703,0.231,0.074,0.403,0.219,0.135,0.658,0.437
0.461,0.765,0.416,0.146,0.738,0.986,0.744,0.454,0.425,0.238
0.014,0.202,0.369,0.836,0.423,0.932,0.286,0.464,0.692,0.999
0.424,0.65,0.843,0.228,0.062,0.048,0.37,0.289,0.707,0.403
0.21,0.461,0.927,0.162,0.675,0.439,0.041,0.451,0.54,0.388
0.749,0.984,0.486,0.283,0.831,0.547,0.885,0.049,0.755,0.126
0.873,0.764,0.576,0.891,0.635,0.352,0.589,0.476,0.739,0.999
0.762,0.858,0.376,0.458,0.513,0.137,0.534,0.171,0.171,0.737
0.212,0.384,0.994,0.004,0.541,0.158,0.415,0.902,0.543,0.48
0.135,0.767,0.224,0.639,0.381,0.83,0.076,0.382,0.561,0.332
0.856,0.524,0.969,0.593,0.053,0.315,0.435,0.03,0.712,0.054
0.201,0.569,0.921,0.423,0.712,0.673,0.375,0.45,0.943,0.547
0.619,0.21,0.635,0.515,0.231,0.749,0.747,0.217,0.84,0.689
0.404,0.526,0.437,0.048,0.021,0.399,0.429,0.45,0.499,0.71
0.093,0.037,0.072,0.659,0.177,0.605,0.895,0.79,0.893,0.001
0.208,0.833,0.288,0.972,0.675,0.044,0.016,0.321,0.733,0.935
0.275,0.198,0.264,0.288,0.599,0.051,0.23,0.725,0.989,0.322
0.805,0.539,0.235,0.742,0.001,0.102,0.575,0.801,0.26,0.522
0.927,0.982,0.976,0.791,0.577,0.956,0.044,0.36,0.656,0.845
0.411,0.805,0.793,0.249,0.752,0.223,0.013,0.41,0.694,0.218
0.873,0.383,0.288,0.252,0.123,0.455,0.293,0.379,0.005,0.755
0.142,0.765,0.864,0.727,0.953,0.119,0.318,0.067,0.784,0.528
0.757,0.231,0.702,0.536,0.191,0.09,0.219,0.761,0.002,0.273
0.748,0.319,0.889,0.169,0.619,0.52,0.358,0.496,0.272,0.004
0.241,0.365,0.058,0.522,0.907,0.232,0.865,0.642,0.656,0.187
0.547,0.121,0.828,0.438,0.555,0.821,0.825,0.904,0.381,0.305
0.491,0.308,0.239,0.336,0.779,0.996,0.576,0.352,0.046,0.394
0.593,0.94,0.922,0.241,0.979,0.426,0.422,0.601,0.547,0.117
0.82,0.664,0.719,0.441,0.074,0.118,0.69,0.215,0.491,0.102
0.863,0.77,0.344,0.879,0.451,0.655,0.439,0.999,0.734,0.505
0.56,0.837,0.248,0.463,0.797,0.332,0.689,0.001,0.748,0.488
0.877,0.576,0.861,0.793,0.342,0.895,0.61,0.639,0.636,0.365
0.908,0.262,0.173,0.693,0.968,0.556,0.123,0.421,0.007,0.533
0.84,0.744,0.276,0.841,0.095,0.951,0.001,0.229,0.325,0.089
0.519,0.076,0.931,0.361,0.41,0.308,0.036,0.964,0.105,0.172
0.981,0.668,0.228,0.571,0.637,0.983,0.276,0.711,0.499,0.705
0.553,0.89,0.578,0.566,0.01,0.31,0.199,0.927,0.889,0.726
0.712,0.411,0.827,0.896,0.837,0.367,0.521,0.926,0.841,0.871
0.313,0.017,0.627,0.308,0.247,0.35,0.333,0.688,0.33,0.993
0.486,0.851,0.109,0.091,0.113,0.045,0.035,0.137,0.107,0.215
0.108,0.715,0.797,0.507,0.837,0.34,0.523,0.817,0.339,0.66
0.736,0.731,0.09,0.301,0.007,0.882,0.59,0.701,0.341,0.617
0.603,0.215,0.683,0.114,0.235,0.889,0.413,0.618,0.108,0.034
0.727,0.877,0.311,0.304,0.316,0.502,0.199,0.91,0.576,0.92
0.536,0.061,0.181,0.399,0.344,0.363,0.78,0.022,0.305,0.608
0.352,0.713,0.196,0.927,0.684,0.355,0.321,0.274,0.154,0.319
0.222,0.533,0.107,0.158,0.579,0.328,0.827,0.383,0.552,0.251
0.104,0.361,0.439,0.185,0.203,0.942,0.644,0.516,0.528,0.775
0.665,0.44,0.051,0.774,0.639,0.109,0.4,0.606,0.497,0.264
0.677,0.951,0.406,0.945,0.953,0.306,0.08,0.236,0.833,0.245
0.812,0.45,0.472,0.301,0.921,0.751,0.534,0.283,0.022,0.926
0.233,0.993,0.172,0.942,0.529,0.071,0.724,0.591,0.311,0.802
0.905,0.086,0.586,0.47,0.423,0.337,0.915,0.803,0.193,0.195
0.675,0.892,0.439,0.945,0.285,0.807,0.36,0.371,0.097,0.081
0.117,0.168,0.347,0.586,0.143,0.744,0.03,0.369,0.112,0.066
0.822,0.731,0.768,0.668,0.329,0.283,0.632,0.896,0.343,0.211
0.102,0.459,0.016,0.032,0.505,0.84,0.564,0.082,0.991,0.675
0.952,0.41,0.519,0.132,0.391,0.692,0.423,0.427,0.286,0.01
0.434,0.918,0.884,0.105,0.008,0.132,0.333,0.729,0.036,0.115
0.303,0.852,0.474,0.15,0.434,0.816,0.827,0.955,0.438,0.575
0.062,0.305,0.373,0.084,0.38,0.19,0.247,0.737,0.279,0.778
0.632,0.67,0.547,0.084,0.257,0.658,0.525,0.459,0.177,0.423
0.679,0.919,0.593,0.289,0.977,0.126,0.5,0.574,0.261,0.456
0.174,0.474,0.991,0.306,0.892,0.201,0.559,0.241,0.853,0.052
0.75,0.218,0.771,0.238,0.042,0.135,0.362,0.551,0.91,0.858
0.039,0.079,0.333,0.248,0.929,0.698,0.251,0.834,0.016,0.441
0.093,0.894,0.148,0.874,0.904,0.445,0.094,0.467,0.491,0.043
0.57,0.673,0.893,0.139,0.839,0.343,0.364,0.055,0.285,0.805
0.429,0.915,0.872,0.146,0.524,0.436,0.578,0.252,0.823,0.599
0.021,0.942,0.996,0.889,0.972,0.06,0.617,0.104,0.779,0.978
0.945,0.504,0.13,0.406,0.465,0.742,0.505,0.849,0.911,0.754
0.731,0.434,0.4,0.273,0.344,0.138,0.24,0.686,0.961,0.532
0.721,0.304,0.65,0.456,0.449,0.664,0.537,0.762,0.88,0.232
0.5,0.709,0.873,0.496,0.267,0.815,0.665,0.426,0.29,0.105
0.2,0.252,0.126,0.667,0.997,0.086,0.829,0.809,0.103,0.884
0.77,0.349,0.357,0.426,0.593,0.219,0.109,0.153,0.649,0.439
0.921,0.217,0.999,0.387,0.858,0.45,0.353,0.631,0.538,0.547
0.303,0.431,0.25,0.04,0.821,0.691,0.625,0.683,0.712,0.477
0.557,0.713,0.673,0.376,0.205,0.198,0.219,0.576,0.926,0.808
0.434,0.498,0.461,0.404,0.859,0.239,0.873,0.288,0.588,0.37
0.207,0.944,0.612,0.648,0.769,0.49,0.663,0.49,0.914,0.755
0.912,0.709,0.828,0.339,0.757,0.287,0.338,0.859,0.878,0.607
0.892,0.431,0.278,0.207,0.37,0.995,0.648,0.377,0.101,0.458
0.968,0.802,0.247,0.109,0.871,0.058,0.869,0.225,0.303,0.573
0.766,0.126,0.469,0.663,0.107,0.445,0.181,0.459,0.305,0.321
0.863,0.594,0.031,0.688,0.613,0.596,0.093,0.633,0.764,0.711
0.785,0.335,0.363,0.516,0.417,0.668,0.677,0.089,0.004,0.627
0.431,0.337,0.711,0.431,0.633,0.418,0.23,0.096,0.373,0.855
0.105,0.215,0.262,0.647,0.167,0.886,0.5,0.779,0.524,0.631
0.474,0.692,0.209,0.998,0.327,0.154,0.25,0.477,0.801,0.966
0.897,0.279,0.362,0.691,0.454,0.479,0.59,0.982,0.833,0.127
0.126,0.01,0.391,0.545,0.794,0.053,0.12,0.255,0.637,0.864
0.554,0.134,0.194,0.756,0.857,0.411,0.987,0.363,0.024,0.145
0.854,0.552,0.994,0.496,0.064,0.22,0.573,0.812,0.246,0.698
0.555,0.605,0.107,0.9,0.673,0.456,0.836,0.62,0.896,0.099
0.84,0.283,0.556,0.584,0.267,0.976,0.91,0.473,0.995,0.674
0.954,0.809,0.415,0.151,0.288,0.015,0.854,0.859,0.764,0.862
0.313,0.317,0.915,0.091,0.29,0.926,0.313,0.867,0.672,0.561
0.927,0.739,0.912,0.443,0.848,0.409,0.036,0.352,0.097,0.055
0.772,0.383,0.256,0.111,0.433,0.651,0.207,0.381,0.578,0.435
0.343,0.604,0.789,0.728,0.474,0.392,0.387,0.612,0.851,0.3
0.502,0.628,0.066,0.37,0.773,0.914,0.147,0.288,0.386,0.038
0.828,0.781,0.549,0.2,0.266,0.22,0.949,0.457,0.934,0.368
0.012,0.87,0.733,0.506,0.149,0.179,0.493,0.192,0.078,0.666
0.381,0.694,0.864,0.739,0.945,0.444,0.508,0.166,0.865,0.193
0.8,0.821,0.222,0.806,0.886,0.593,0.326,0.717,0.14,0.632
0.188,0.581,0.04,0.792,0.602,0.811,0.298,0.978,0.026,0.486
0.701,0.909,0.596,0.755,0.431,0.109,0.834,0.014,0.291,0.543
0.156,0.584,0.519,0.669,0.724,0.221,0.833,0.042,0.883,0.721
0.911,0.614,0.14,0.94,0.571,0.756,0.207,0.435,0.748,0.73
0.021,0.742,0.09,0.368,0.882,0.751,0.747,0.077,0.748,0.816
0.187,0.616,0.945,0.861,0.176,0.976,0.117,0.974,0.349,0.306
0.928,0.154,0.568,0.833,0.711,0.207,0.459,0.164,0.955,0.403
0.518,0.601,0.123,0.109,0.378,0.446,0.789,0.619,0.738,0.094
0.088,0.881,0.176,0.308,0.398,0.866,0.358,0.047,0.979,0.296
0.441,0.949,0.505,0.706,0.227,0.32,0.707,0.672,0.823,0.643
0.701,0.871,0.847,0.947,0.47,0.292,0.511,0.136,0.572,0.831
0.971,0.765,0.065,0.386,0.797,0.866,0.768,0.012,0.495,0.824
0.787,0.854,0.34,0.917,0.751,0.898,0.446,0.423,0.738,0.125
0.607,0.397,0.252,0.185,0.959,0.299,0.906,0.464,0.588,0.848
0.513,0.692,0.147,0.013,0.345,0.875,0.933,0.725,0.236,0.548
0.323,0.242,0.421,0.083,0.86,0.843,0.848,0.339,0.501,0.044
0.002,0.917,0.705,0.107,0.759,0.456,0.712,0.65,0.236,0.346
0.465,0.568,0.975,0.185,0.04,0.083,0.17,0.182,0.225,0.275
0.875,0.662,0.034,0.369,0.823,0.327,0.033,0.154,0.563,0.462
0.192,0.789,0.206,0.028,0.38,0.267,0.662,0.743,0.736,0.688
0.391,0.605,0.622,0.732,0.629,0.906,0.885,0.143,0.792,0.981
0.835,0.87,0.811,0.283,0.512,0.996,0.265,0.964,0.784,0.909
0.64,0.468,0.719,0.402,0.227,0.693,0.549,0.741,0.755,0.656
0.749,0.349,0.601,0.441,0.503,0.015,0.059,0.338,0.492,0.942
0.013,0.336,0.957,0.338,0.709,0.673,0.992,0.386,0.453,0.421
0.176,0.138,0.739,0.079,0.665,0.823,0.98,0.876,0.107,0.175
0.436,0.538,0.17,0.013,0.123,0.383,0.192,0.871,0.762,0.053
0.803,0.125,0.636,0.762,0.494,0.121,0.71,0.619,0.53,0.818
0.242,0.304,0.644,0.931,0.055,0.367,0.592,0.036,0.306,0.914
0.395,0.001,0.919,0.363,0.396,0.099,0.993,0.281,0.17,0.37
0.397,0.76,0.458,0.636,0.173,0.999,0.299,0.315,0.525,0.589
0.878,0.403,0.948,0.525,0.479,0.019,0.629,0.99,0.787,0.892
0.606,0.405,0.315,0.564,0.738,0.259,0.684,0.485,0.319,0.462
0.277,0.414,0.617,0.658,0.396,0.628,0.3,0.78,0.366,0.977
0.175,0.625,0.549,0.439,0.164,0.459,0.404,0.657,0.587,0.816
0.109,0.866,0.663,0.624,0.151,0.959,0.62,0.162,0.232,0.217
0.181,0.975,0.786,0.982,0.381,0.868,0.262,0.873,0.011,0.718
0.255,0.029,0.15,0.949,0.123,0.103,0.622,0.651,0.788,0.554
0.472,0.232,0.044,0.195,0.611,0.028,0.144,0.385,0.038,0.128
0.531,0.99,0.723,0.46,0.602,0.851,0.006,0.241,0.065,0.467
0.751,0.051,0.482,0.593,0.483,0.721,0.78,0.746,0.713,0.102
0.002,0.352,0.208,0.578,0.668,0.278,0.03,0.85,0.148,0.356
0.326,0.719,0.781,0.176,0.923,0.604,0.484,0.33,0.207,0.692
0.006,0.777,0.701,0.346,0.829,0.644,0.212,0.366,0.247,0.468
0.973,0.317,0.161,0.756,0.917,0.998,0.571,0.817,0.413,0.193
0.253,0.486,0.702,0.696,0.186,0.149,0.527,0.73,0.966,0.529
0.456,0.961,0.966,0.539,0.197,0.84,0.57,0.843,0.971,0.806
0.276,0.895,0.638,0.322,0.716,0.293,0.363,0.286,0.504,0.153
0.442,0.495,0.698,0.709,0.849,0.599,0.087,0.921,0.213,0.016
0.516,0.212,0.089,0.571,0.168,0.675,0.942,0.004,0.016,0.431
0.954,0.587,0.129,0.919,0.268,0.545,0.274,0.721,0.917,0.405
0.338,0.449,0.118,0.45,0.125,0.166,0.872,0.678,0.732,0.561
0.202,0.226,0.061,0.775,0.982,0.116,0.939,0.382,0.704,0.947
0.194,0.626,0.84,0.412,0.776,0.457,0.292,0.473,0.357,0.525
0.097,0.595,0.941,0.585,0.247,0.357,0.935,0.759,0.395,0.31
0.427,0.783,0.998,0.009,0.151,0.46,0.309,0.741,0.457,0.277
0.272,0.466,0.574,0.828,0.444,0.13,0.771,0.074,0.092,0.788
0.325,0.429,0.926,0.926,0.357,0.845,0.822,0.663,0.77,0.006
0.198,0.597,0.71,0.174,0.802,0.49,0.783,0.659,0.925,0.993
0.205,0.721,0.584,0.768,0.384,0.044,0.364,0.043,0.282,0.13
0.498,0.888,0.044,0.792,0.747,0.795,0.791,0.651,0.452,0.987
0.745,0.405,0.263,0.464,0.001,0.751,0.393,0.258,0.055,0.021
0.435,0.928,0.463,0.885,0.225,0.325,0.032,0.627,0.896,0.241
0.337,0.603,0.869,0.214,0.683,0.333,0.666,0.513,0.755,0.841
0.304,0.381,0.358,0.363,0.317,0.305,0.786,0.282,0.791,0.13
0.93,0.287,0.32,0.433,0.338,0.074,0.829,0.763,0.951,0.727
0.846,0.256,0.611,0.486,0.249,0.357,0.365,0.079,0.697,0.398
0.215,0.425,0.7,0.576,0.464,0.84,0.483,0.593,0.493,0.178
0.317,0.219,0.049,0.844,0.939,0.128,0.385,0.365,0.815,0.57
0.85,0.018,0.975,0.983,0.237,0.308,0.526,0.03,0.036,0.37
0.574,0.639,0.041,0.594,0.08,0.693,0.562,0.457,0.7,0.059
0.058,0.442,0.896,0.14,0.792,0.447,0.98,0.148,0.235,0.422
0.262,0.981,0.122,0.403,0.804,0.135,0.004,0.821,0.483,0.438
0.09,0.313,0.904,0.182,0.044,0.439,0.666,0.438,0.45,0.222
0.161,0.707,0.946,0.392,0.918,0.357,0.504,0.023,0.641,0.931
0.202,0.688,0.962,0.361,0.988,0.512,0.82,0.532,0.452,0.144
0.083,0.72,0.799,0.047,0.251,0.996,0.972,0.993,0.478,0.657
0.074,0.609,0.351,0.918,0.346,0.006,0.065,0.369,0.44,0.354
0.809,0.548,0.104,0.213,0.427,0.738,0.504,0.575,0.835,0.082
0.965,0.422,0.209,0.775,0.524,0.866,0.805,0.819,0.01,0.414
0.203,0.739,0.04,0.376,0.615,0.32,0.014,0.397,0.873,0.169
0.604,0.112,0.501,0.156,0.627,0.663,0.037,0.577,0.503,0.787
0.228,0.845,0.097,0.914,0.119,0.356,0.391,0.472,0.026,0.157
0.945,0.288,0.487,0.736,0.476,0.582,0.868,0.856,0.373,0.947
0.562,0.526,0.437,0.17,0.639,0.856,0.897,0.464,0.93,0.385
0.194,0.007,0.583,0.763,0.23,0.477,0.957,0.57,0.647,0.672
0.317,0.194,0.272,0.655,0.935,0.29,0.55,0.451,0.267,0.678
0.44,0.769,0.476,0.176,0.128,0.842,0.578,0.632,0.059,0.774
0.525,0.031,0.982,0.938,0.942,0.741,0.149,0.913,0.341,0.01
0.689,0.908,0.111,0.059,0.521,0.761,0.272,0.999,0.075,0.066
0.77,0.347,0.153,0.542,0.654,0.307,0.094,0.001,0.563,0.305
0.77,0.169,0.508,0.387,0.578,0.543,0.195,0.13,0.83,0.649
0.326,0.369,0.324,0.393,0.518,0.322,0.58,0.88,0.138,0.732
0.613,0.352,0.11,0.244,0.277,0.295,0.628,0.996,0.308,0.779
0.359,0.717,0.911,0.039,0.677,0.594,0.498,0.301,0.628,0.303
0.09,0.317,0.493,0.313,0.475,0.503,0.913,0.639,0.368,0.172
0.868,0.231,0.559,0.248,0.171,0.799,0.448,0.491,0.656,0.66
0.805,0.923,0.503,0.893,0.256,0.453,0.048,0.225,0.335,0.748
0.347,0.933,0.29,0.896,0.399,0.754,0.548,0.37,0.571,0.066
0.411,0.45,0.606,0.315,0.054,0.825,0.911,0.265,0.053,0.264
0.5,0.34,0.85,0.891,0.54,0.277,0.752,0.959,0.458,0.978
0.68,0.789,0.203,0.322,0.978,0.802,0.852,0.771,0.661,0.682
0.66,0.341,0.289,0.121,0.945,0.301,0.694,0.928,0.626,0.198
0.138,0.636,0.372,0.547,0.909,0.724,0.418,0.886,0.57,0.829
0.53,0.844,0.965,0.356,0.117,0.314,0.328,0.452,0.66,0.008
0.571,0.463,0.771,0.247,0.52,0.019,0.211,0.946,0.962,0.433
0.375,0.887,0.076,0.596,0.923,0.515,0.535,0.372,0.023,0.01
0.243,0.871,0.858,0.786,0.885,0.966,0.39,0.235,0.933,0.876
0.349,0.56,0.609,0.921,0.298,0.237,0.226,0.394,0.008,0.955
0.465,0.185,0.417,0.392,0.08,0.997,0.037,0.832,0.454,0.511
0.842,0.679,0.127,0.683,0.424,0.246,0.132,0.693,0.185,0.772
0.544,0.742,0.236,0.304,0.408,0.738,0.54,0.978,0.247,0.595
0.915,0.748,0.35,0.279,0.074,0.046,0.088,0.61,0.48,0.899
0.223,0.658,0.184,0.24,0.168,0.13,0.266,0.164,0.632,0.757
0.708,0.054,0.311,0.853,0.582,0.359,0.879,0.569,0.726,0.021
0.952,0.089,0.384,0.333,0.942,0.285,0.871,0.838,0.223,0.739
0.497,0.137,0.527,0.218,0.567,0.567,0.512,0.401,0.672,0.771
0.781,0.023,0.062,0.476,0.76,0.802,0.967,0.93,0.816,0.99
0.942,0.939,0.102,0.514,0.862,0.506,0.996,0.301,0.303,0.168
0.457,0.471,0.292,0.583,0.396,0.833,0.351,0.999,0.621,0.775
0.918,0.447,0.972,0.835,0.29,0.7,0.077,0.449,0.417,0.371
0.328,0.495,0.821,0.021,0.418,0.645,0.953,0.462,0.455,0.765
0.553,0.307,0.136,0.654,0.514,0.586,0.29,0.64,0.153,0.08
0.073,0.621,0.547,0.318,0.819,0.83,0.103,0.078,0.406,0.458
0.736,0.344,0.788,0.914,0.721,0.354,0.082,0.269,0.172,0.662
0.15,0.63,0.322,0.15,0.36,0.404,0.946,0.429,0.671,0.27
0.165,0.679,0.639,0.544,0.093,0.324,0.446,0.163,0.506,0.718
0.626,0.902,0.622,0.191,0.823,0.54,0.729,0.682,0.932,0.327
0.111,0.319,0.93,0.685,0.57,0.961,0.922,0.933,0.529,0.906
0.002,0.403,0.875,0.408,0.615,0.239,0.516,0.795,0.829,0.863
0.909,0.339,0.665,0.389,0.252,0.16,0.999,0.863,0.821,0.683
0.284,0.543,0.403,0.902,0.206,0.698,0.567,0.196,0.701,0.829
0.467,0.449,0.251,0.56,0.742,0.491,0.661,0.703,0.235,0.712
0.039,0.004,0.398,0.421,0.258,0.457,0.556,0.498,0.654,0.979
0.596,0.348,0.566,0.145,0.829,0.857,0.074,0.949,0.109,0.982
0.142,0.229,0.277,0.043,0.249,0.642,0.124,0.574,0.176,0.624
0.989,0.888,0.633,0.994,0.895,0.408,0.85,0.432,0.314,0.24
0.935,0.752,0.275,0.124,0.03,0.578,0.736,0.374,0.58,0.513
0.47,0.482,0.342,0.613,0.681,0.51,0.929,0.937,0.976,0.239
0.228,0.673,0.38,0.734,0.759,0.498,0.31,0.012,0.805,0.023
0.958,0.729,0.154,0.827,0.321,0.456,0.734,0.596,0.367,0.949
0.226,0.339,0.547,0.01,0.357,0.067,0.378,0.224,0.944,0.187
0.859,0.737,0.743,0.899,0.905,0.797,0.233,0.761,0.891,0.832
0.761,0.478,0.371,0.631,0.31,0.371,0.749,0.718,0.743,0.252
0.001,0.337,0.114,0.367,0.843,0.687,0.293,0.442,0.71,0.193
0.089,0.532,0.331,0.204,0.077,0.198,0.225,0.126,0.312,0.494
0.244,0.289,0.598,0.382,0.197,0.295,0.322,0.546,0.256,0.851
0.795,0.706,0.655,0.299,0.628,0.805,0.033,0.321,0.495,0.301
0.185,0.039,0.958,0.692,0.524,0.857,0.91,0.889,0.475,0.8
0.979,0.805,0.187,0.016,0.065,0.512,0.135,0.376,0.268,0.281
0.637,0.869,0.193,0.02,0.211,0.32,0.738,0.69,0.411,0.591
0.159,0.499,0.347,0.968,0.496,0.456,0.287,0.613,0.248,0.644
0.691,0.253,0.211,0.095,0.607,0.617,1,0.856,0.722,0.036
0.554,0.283,0.627,0.798,0.484,0.485,0.638,0.769,0.257,0.956
0.891,0.214,0.875,0.722,0.624,0.807,0.581,0.738,0.723,0.764
0.812,0.133,0.49,0.608,0.768,0.435,0.308,0.185,0.753,0.218
0.102,0.929,0.773,0.659,0.587,0.162,0.553,0.728,0.291,0.699
0.824,0.859,0.505,0.146,0.556,0.271,0.159,0.977,0.993,0.945
0.53,0.978,0.835,0.243,0.729,0.499,0.729,0.812,0.055,0.655
0.829,0.959,0.847,0.022,0.425,0.006,0.137,0.412,0.955,0.171
0.534,0.16,0.367,0.791,0.148,0.732,0.709,0.708,0.413,0.058
0.846,0.234,0.867,0.564,0.74,0.288,0.429,0.262,0.427,0.341
0.758,0.194,0.594,0.374,0.342,0.807,0.808,0.772,0.62,0.22
0.218,0.784,0.077,0.793,0.111,0.975,0.961,0.721,0.192,0.167
0.674,0.693,0.536,0.962,0.56,0.559,0.791,0.686,0.119,0.193
0.056,0.327,0.768,0.488,0.274,0.412,0.643,0.714,0.651,0.522
0.642,0.046,0.903,0.144,0.288,0.653,0.641,0.74,0.916,0.949
0.642,0.061,0.79,0.939,0.367,0.394,0.595,0.158,0.904,0.047
0.596,0.1,0.777,0.305,0.554,0.586,0.91,0.692,0.149,0.095
0.276,0.693,0.652,0.288,0.155,0.579,0.629,0.479,0.841,0.633
0.219,0.876,0.178,0.709,0.12,0.238,0.263,0.711,0.416,0.695
0.848,0.376,0.145,0.63,0.939,0.177,0.461,0.35,0.623,0.364
0.09,0.053,0.902,0.99,0.021,0.377,0.159,0.478,0.124,0.662
0.014,0.548,0.869,0.246,0.429,0.255,0.39,0.344,0.172,0.659
0.881,0.593,0.811,0.143,0.237,0.784,0.841,0.751,0.933,0.585
0.265,0.968,0.426,0.035,0.123,0.236,0.534,0.585,0.808,0.449
0.181,0.787,0.571,0.739,0.498,0.812,0.737,0.306,0.124,0.115
0.119,0.274,0.367,0.624,0.378,0.875,0.856,0.101,0.767,0.179
0.853,0.791,0.671,0.354,0.271,0.269,0.554,0.766,0.302,0.958
0.772,0.832,0.78,0.434,0.482,0.199,0.764,0.272,0.52,0.515
0.08,0.024,0.508,0.125,0.439,0.434,0.791,0.549,0.058,0.431
0.51,0.487,0.61,0.357,0.912,0.874,0.422,0.606,0.486,0.63
0.746,0.611,0.037,0.833,0.749,0.952,0.837,0.232,0.031,0.337
0.125,0.619,0.113,0.404,0.784,0.839,0.752,0.798,0.587,0.445
0.295,0.876,0.719,0.651,0.308,0.57,0.485,0.932,0.493,0.595
0.429,0.722,0.572,0.687,0.268,0.387,0.763,0.672,0.427,0.162
0.89,0.181,0.184,0.818,0.77,0.884,0.125,0.329,0.36,0.757
0.99,0.928,0.718,0.36,0.684,0.914,0.901,0.316,0.597,0.346
0.875,0.975,0.293,0.072,0.818,0.286,0.857,0.481,0.225,0.397
0.351,0.638,0.526,0.384,0.048,0.29,0.304,0.893,0.886,0.297
0.579,0.642,0.197,0.805,0.52,0.453,0.271,0.102,0.674,0.965
0.794,0.861,0.917,0.034,0.139,0.416,0.082,0.614,0.126,0.959
0.431,0.483,0.852,0.2,0.971,0.495,0.786,0.432,0.085,0.634
0.094,0.534,0.766,0.02,0.721,0.99,0.943,0.321,0.01,0.597
0.155,0.697,0.702,0.284,0.547,0.629,0.64,0.74,0.891,0.112
0.617,0.11,0.705,0.09,0.925,0.828,0.707,0.817,0.512,0.133
0.989,0.923,0.083,0.776,0.257,0.744,0.217,0.777,0.836,0.323
0.426,0.739,0.534,0.853,0.987,0.52,0.347,0.644,0.171,0.892
0.384,0.975,0.05,0.726,0.117,0.509,0.675,0.836,0.75,0.787
0.43,0.551,0.808,0.239,0.015,0.944,0.287,0.756,0.142,0.717
0.122,0.891,0.613,0.472,0.501,0.557,0.717,0.047,0.613,0.935
0.537,0.875,0.253,0.863,0.536,0.351,0.874,0.342,0.85,0.107
0.045,0.523,0.65,0.609,0.084,0.662,0.199,0.213,0.913,0.477
0.786,0.55,0.586,0.259,0.639,0.174,0.085,0.039,0.221,0.016
0.726,0.077,0.311,0.907,0.539,0.027,0.208,0.42,0.143,0.02
0.759,0.606,0.791,0.079,0.899,0.292,0.058,0.365,0.98,0.984
0.403,0.953,0.836,0.456,0.017,0.632,0.734,0.598,0.085,0.221
0.78,0.704,0.355,0.604,0.521,0.571,0.762,0.663,0.281,0.632
0.178,0.002,0.292,0.474,0.24,0.74,0.328,0.883,0.308,0.532
0.601,0.816,0.675,0.847,0.078,0.708,0.709,0.954,0.01,0.818
0.31,0.166,0.104,0.554,0.632,0.261,0.25,0.463,0.893,0.263
0.049,0.932,0.106,0.61,0.29,0.07,0.491,0.068,0.477,0.282
0.22,0.84,0.436,0.039,0.885,0.046,0.725,0.858,0.978,0.15
0.236,0.992,0.612,0.897,0.566,0.771,0.605,0.081,0.212,0.159
0.05,0.797,0.125,0.18,0.909,0.222,0.264,0.846,0.147,0.01
0.018,0.313,0.368,0.384,0.753,0.475,0.395,0.244,0.945,0.471
0.589,0.393,0.949,0.151,0.382,0.322,0.955,0.074,0.431,0.303
0.954,0.055,0.712,0.045,0.302,0.207,0.209,0.872,0.503,0.893
0.598,0.101,0.693,0.124,0.887,0.54,0.389,0.864,0.835,0.524
0.607,0.691,0.475,0.295,0.228,0.014,0.015,0.245,0.081,0.009
0.844,0.264,0.483,0.516,0.896,0.309,0.434,0.641,0.821,0.428
0.524,0.477,0.092,0.973,0.439,0.952,0.158,0.341,0.13,0.823
0.882,0.816,0.014,0.736,0.287,0.006,0.825,0.157,0.225,0.371
0.286,0.916,0.981,0.34,0.59,0.357,0.004,0.293,0.841,0.169
0.209,0.512,0.158,0.532,0.275,0.417,0.523,0.544,0.051,0.523
0.074,0.056,0.719,0.486,0.555,0.445,0.793,0.941,0.952,0.806
0.447,0.72,0.719,0.249,0.329,0.037,0.898,0.444,0.293,0.327
0.558,0.541,0.921,0.07,0.099,0.071,0.706,0.627,0.387,0.182
0.378,0.173,0.858,0.175,0.129,0.839,0.828,0.154,0.83,0.526
0.117,0.934,0.941,0.551,0.352,0.923,0.243,0.68,0.848,0.238
0.784,0.604,0.408,0.758,0.929,0.337,0.929,0.544,0.586,0.695
0.008,0.387,0.001,0.561,0.797,0.654,0.445,0.488,0.978,0.544
0.878,0.062,0.52,0.899,0.134,0.876,0.91,0.61,0.937,0.564
0.527,0.857,0.064,0.783,0.398,0.045,0.718,0.57,0.563,0.658
0.5,0.566,0.488,0.41,0.337,0.623,0.004,0.589,0.519,0.13
0.39,0.871,0.281,0.229,0.645,0.506,0.531,0.919,0.298,0.671
0.132,0.879,0.149,0.999,0.807,0.949,0.014,0.13,0.314,0.139
0.864,0.195,0.819,0.307,0.037,0.043,0.314,0.515,0.762,0.512
0.159,0.936,0.26,0.337,0.408,0.281,0.597,0.33,0.64,0.303
0.026,0.149,0.32,0.67,0.808,0.164,0.788,0.982,0.41,0.796
0.333,0.564,0.925,0.993,0.077,0.141,0.07,0.514,0.056,0.723
0.972,0.923,0.699,0.323,0.119,0.207,0.072,0.989,0.788,0.946
0.656,0.142,0.575,0.768,0.976,0.13,0.018,0.614,0.958,0.543
0.68,0.882,0.508,0.296,0.653,0.497,0.844,0.361,0.836,0.583
0.274,0.442,0.219,0.221,0.738,0.537,0.744,0.882,0.387,0.977
0.401,0.367,0.985,0.663,0.496,0.643,0.213,0.057,0.175,0.934
0.14,0.645,0.096,0.231,0.736,0.68,0.688,0.343,0.149,0.122
0.477,0.177,0.175,0.827,0.278,0.694,0.723,0.704,0.266,0.767
0.854,0.942,0.756,0.392,0.902,0.107,0.165,0.062,0.106,0.956
0.558,0.139,0.247,0.356,0.798,0.444,0.719,0.125,0.352,0.371
0.434,0.31,0.751,0.243,0.571,0.405,0.648,0.456,0.861,0.952
1,0.185,0.772,0.399,0.747,0.693,0.452,0.529,0.915,0.953
0.142,0.685,0.643,0.949,0.931,0.761,0.565,0.493,0.686,0.318
0.585,0.533,0.885,0.691,0.007,0.827,0.886,0.814,0.281,0.093
0.616,0.952,0.589,0.814,0.598,0.525,0.464,0.718,0.925,0.063
0.747,0.702,0.717,0.249,0.567,0.9,0.115,0.598,0.002,0.17
0.588,0.504,0.202,0.322,0.598,0.078,0.285,0.895,0.337,0.321
0.144,0.366,0.001,0.174,0.845,0.512,0.619,0.935,0.882,0.393
0.841,0.757,0.939,0.353,0.449,0.329,0.428,0.335,0.215,0.365
0.025,0.396,0.267,0.866,0.516,0.716,0.68,0.614,0.767,0.081
0.193,0.09,0.408,0.03,0.1,0.904,0.902,0.294,0.269,0.42
0.458,0.059,0.816,0.782,0.204,0.047,0.574,0.503,0.592,0.259
0.43,0.136,0.562,0.536,0.422,0.654,0.692,0.985,0.364,0.782
0.082,0.2,0.076,0.851,0.899,0.024,0.989,0.447,0.984,0.672
0.85,0.708,0.791,0.928,0.964,0.209,0.052,0.18,0.155,0.197
0.126,0.098,0.472,0.127,0.233,0.16,0.275,0.794,0.664,0.53
0.601,0.078,0.837,0.609,0.715,0.467,0.357,0.917,0.138,0.065
0.1,0.656,0.51,0.477,0.681,0.132,0.545,0.469,0.546,0.359
0.09,0.134,0.156,0.933,0.201,0.251,0.754,0.65,0.5,0.704
0.551,0.864,0.076,0.083,0.988,0.483,0.036,0.763,0.232,0.081
0.323,0.37,0.55,0.826,0.562,1,0.521,0.998,0.745,0.625
0.929,0.895,0.109,0.968,0.225,0.377,0.891,0.778,0.771,0.046
0.202,0.634,0.012,0.954,0.404,0.063,0.207,0.872,0.333,0.436
0.137,0.378,0.609,0.794,0.519,0.586,0.988,0.764,0.351,0.233
0.546,0.075,0.882,0.511,0.482,0.804,0.703,0.056,0.767,0.091
0.189,0.77,0.88,0.742,0.696,0.915,0.616,0.08,0.701,0.069
0.261,0.328,0.219,0.754,0.381,0.53,0.473,0.294,0.025,0.655
0.258,0.743,0.373,0.824,0.366,0.946,0.764,0.339,0.957,0.872
0.719,0.33,0.247,0.104,0.389,0.238,0.856,0.132,0.814,0.452
0.774,0.615,0.302,0.641,0.635,0.518,0.046,0.317,0.337,0.251
0.046,0.11,0.071,0.271,0.425,0.617,0.767,0.303,0.535,0.778
0.306,0.081,0.729,0.977,0.134,0.799,0.18,0.256,0.302,0.029
0.808,0.946,0.202,0.522,0.943,0.644,0.399,0.605,0.137,0.74
0.641,0.569,0.422,0.121,0.704,0.618,0.04,0.315,0.677,0.214
0.49,0.455,0.784,0.155,0.669,0.839,0.266,0.455,0.804,0.076
0.58,0.473,0.253,0.494,0.08,0.792,0.189,0.042,0.868,0.561
0.003,0.659,0.922,0.788,0.795,0.141,0.592,0.4,0.354,0.779
0.251,0.353,0.409,0.637,0.216,0.236,0.816,0.303,0.736,0.342
0.615,0.034,0.208,0.831,0.634,0.283,0.668,0.14,0.617,0.042
0.485,0.301,0.402,0.079,0.822,0.953,0.087,0.686,0.68,0.734
0.316,0.314,0.822,0.156,0.915,0.83,0.192,0.651,0.242,0.058
0.729,0.886,0.872,0.844,0.887,0.068,0.307,0.883,0.413,0.847
0.224,0.376,0.657,0.865,0.014,0.792,0.644,0.062,0.612,0.295
0.766,0.506,0.748,0.465,0.562,0.756,0.91,0.149,0.777,0.949
0.096,0.579,0.04,0.92,0.618,0.003,0.305,0.151,0.52,0.215
0.561,0.132,0.12,0.139,0.675,0.696,0.059,0.412,0.378,0.387
0.81,0.154,0.904,0.576,0.777,0.965,0.664,0.709,0.133,0.168
0.731,0.749,0.845,0.443,0.428,0.869,0.883,0.636,0.579,0.471
0.761,0.337,0.526,0.315,0.589,0.292,0.96,0.439,0.668,0.274
0.541,0.234,0.207,0.339,0.936,0.04,0.646,0.58,0.877,0.122
0.278,0.874,0.347,0.871,0.503,0.458,0.996,0.289,0.202,0.748
0.484,0.87,0.022,0.189,0.07,0.089,0.433,0.221,0.732,0.621
0.819,0.684,0.299,0.679,0.194,0.06,0.999,0.726,0.396,0.69
0.59,0.269,0.283,0.458,0.692,0.579,0.93,0.357,0.174,0.441
0.531,0.951,0.683,0.685,0.444,0.515,0.908,0.424,0.797,0.066
0.218,0.976,0.17,0.039,0.83,0.494,0.742,0.946,0.301,0.954
0.283,0.327,0.392,0.37,0.81,0.838,0.252,0.335,0.187,0.771
0.269,0.686,0.448,0.184,0.988,0.148,0.032,0.09,0.574,0.017
0.365,0.104,0.494,0.311,0.458,0.252,0.718,0.546,0.101,0.8
0.051,0.897,0.092,0.214,0.237,0.264,0.518,0.312,0.91,0.419
0.858,0.058,0.035,0.824,0.039,0.696,0.585,0.574,0.36,0.777
0.122,0.52,0.164,0.785,0.952,0.698,0.968,0.558,0.986,0.949
0.703,0.053,0.608,0.368,0.074,0.99,0.216,0.25,0.592,0.931
0.878,0.663,0.245,0.607,0.08,0.701,0.239,0.875,0.058,0.307
0.773,0.111,0.52,0.352,0.061,0.764,0.291,0.687,0.985,0.113
0.857,0.079,0.671,0.66,0.913,0.847,0.967,0.991,0.081,0.902
0.066,0.548,0.467,0.554,0.934,0.052,0.272,0.225,0.979,0.263
0.643,0.486,0.661,0.534,0.762,0.68,0.631,0.864,0.294,0.661
0.168,0.569,0.285,0.328,0.295,0.768,0.978,0.424,0.453,0.556
0.243,0.321,0.637,0.493,0.666,0.001,0.421,0.452,0.632,0.618
0.37,0.245,0.377,0.873,0.096,0.726,0.137,0.754,0.144,0.385
0.144,0.39,0.796,0.391,0.976,0.388,0.21,0.871,0.96,0.49
0.713,0.095,0.123,0.565,0.536,0.52,0.689,0.131,0.425,0.054
0.46,0.914,0.803,0.918,0.519,0.118,0.68,0.783,0.575,0.615
0.258,0.926,0.72,0.04,0.128,0.108,0.786,0.631,0.016,0.952
0.313,0.273,0.592,0.549,0.093,0.643,0.664,0.524,0.571,0.307
0.328,0.535,0.784,0.151,0.368,0.34,0.253,0.746,0.126,0.981
0.654,0.243,0.168,0.097,0.189,0.787,0.56,0.67,0.617,0.459
0.504,0.609,0.534,0.289,0.569,0.408,0.447,0.595,0.494,0.303
0.874,0.406,0.678,0.05,0.606,0.793,0.08,0.257,0.36,0.756
0.988,0.939,0.584,0.812,0.059,0.4,0.295,0.944,0.591,0.146
0.055,0.794,0.14,0.889,0.777,0.206,0.011,0.691,0.618,0.71
0.6,0.247,0.401,0.243,0.116,0.26,0.434,0.17,0.457,0.741
0.177,0.377,0.863,0.581,0.947,0.732,0.734,0.707,0.939,0.204
0.233,0.015,0.435,0.316,0.299,0.96,0.514,0.274,0.869,0.459
0.063,0.423,0.305,0.355,0.827,0.981,0.88,0.074,0.007,0.585
0.452,0.843,0.944,0.099,0.511,0.144,0.047,0.588,0.392,0.428
0.531,0.58,0.977,0.644,0.225,0.541,0.896,0.8,0.561,0.439
0.421,0.368,0.599,0.362,0.195,0.506,0.3,0.384,0.848,0.036
0.159,0.668,0.182,0.028,0.398,0.29,0.362,0.677,0.645,0.29
0.702,0.99,0.647,0.659,0.306,0.643,0.857,0.745,0.449,0.624
0.561,0.453,0.378,0.119,0.998,0.935,0.972,0.361,0.76,0.1
0.358,0.955,0.336,0.505,0.606,0.92,0.474,0.756,0.041,0.245
0.916,0.236,0.582,0.629,0.779,0.104,0.307,0.147,0.689,0.384
0.651,0.78,0.066,0.54,0.406,0.384,0.915,0.561,0.725,0.474
0.455,0.946,0.705,0.734,0.8,0.381,0.957,0.005,0.069,0.214
0.456,0.893,0.194,0.256,0.192,0.319,0.261,0.963,0.392,0.241
0.966,0.178,0.457,0.988,0.524,0.18,0.693,0.774,0.438,0.809
0.259,0.126,0.774,0.635,0.245,0.412,0.485,0.017,0.265,0.931
0.779,0.438,0.436,0.586,0.549,0.474,0.196,0.197,0.954,0.391
0.081,0.917,0.028,0.659,0.491,0.98,0.011,0.366,0.735,0.41
0.848,0.532,0.145,0.056,0.76,0.379,0.088,0.374,0.829,0.8
0.883,0.279,0.064,0.003,0.701,0.588,0.142,0.232,0.684,0.789
0.652,0.964,0.807,0.93,0.291,0.975,0.48,0.545,0.83,0.125
0.323,0.447,0.958,0.014,0.059,0.706,0.174,0.937,0.602,0.504
0.819,0.879,0.156,0.221,0.906,0.273,0.526,0.098,0.296,0.722
0.186,0.998,0.697,0.428,0.141,0.274,0.559,0.081,0.728,0.872
0.988,0.637,0.728,0.31,0.013,0.803,0.537,0.405,0.421,0.497
0.863,0.858,0.798,0.96,0.519,0.1,0.209,0.152,0.58,0.66
0.538,0.395,0.569,0.568,0.99,0.376,0.564,0.267,0.696,0.369
0.494,0.352,0.9,0.225,0.458,0.157,0.18,0.231,0.779,0.239
0.595,0.632,1,0.342,0.647,0.798,0.038,0.432,0.285,0.249
0.999,0.109,0.008,0.422,0.38,0.7,0.049,0.231,0.884,0.289
0.299,0.05,0.748,0.841,0.175,0.02,0.381,0.234,0.373,0.839
0.144,0.722,0.749,0.713,0.976,0.783,0.52,0.396,0.436,0.968
0.67,0.541,0.502,0.633,0.427,0.924,0.257,0.727,0.778,0.197
0.638,0.072,0.963,0.204,0.085,0.489,0.05,0.961,0.116,0.775
0.528,0.135,0.278,0.997,0.745,0.22,0.391,0.85,0.045,0.964
0.815,0.363,0.911,0.29,0.027,0.813,0.982,0.774,0.178,0.03
0.076,0.937,0.86,0.912,0.112,0.36,0.553,0.133,0.333,0.938
0.057,0.455,0.236,0.345,0.395,0.179,0.83,0.945,0.013,0.991
0.88,0.629,0.134,0.235,0.074,0.633,0.279,0.057,0.228,0.286
0.616,0.914,0.073,0.217,0.485,0.517,0.333,0.026,0.818,0.139
0.199,0.1,0.175,0.819,0.7,0.894,0.256,0.538,0.702,0.372
0.367,0.716,0.965,0.829,0.831,0.351,0.537,0.977,0.796,0.416
0.526,0.551,0.318,0.491,0.727,0.645,0.07,0.849,0.238,0.593
0.539,0.574,0.149,0.959,0.967,0.081,0.35,0.575,0.267,0.252
0.922,0.933,0.744,0.856,0.198,0.262,0.952,0.926,0.861,0.397
0.396,0.407,0.189,0.649,0.984,0.036,0.018,0.908,0.644,0.25
0.448,0.645,0.6,0.814,0.305,0.249,0.562,0.431,0.112,0.596
0.164,0.918,0.526,0.834,0.057,0.328,0.568,0.067,0.79,0.796
0.305,0.248,0.205,0.882,0.776,0.327,0.877,0.254,0.631,0.03
0.286,0.011,0.474,0.436,0.955,0.528,0.923,0.512,0.846,0.453
0.994,0.991,0.584,0.743,0.038,0.711,0.076,0.4,0.381,0.143
0.769,0.43,0.085,0.57,0.959,0.791,0.299,0.799,0.718,0.122
0.194,0.609,0.888,0.692,0.897,0.078,0.174,0.913,0.137,0.621
0.95,0.871,0.699,0.059,0.272,0.576,0.882,0.947,0.017,0.012
0.137,0.326,0.264,0.3,0.616,0.51,0.573,0.372,0.365,0.497
0.038,0.59,0.074,0.867,0.541,0.808,0.448,0.101,0.882,0.234
0.755,0.313,0.621,0.047,0.601,0.032,0.251,0.33,0.146,0.216
0.552,0.603,0.318,0.349,0.532,0.776,0.742,0.055,0.232,0.831
0.542,0.632,0.378,0.021,0.779,0.946,0.927,0.439,0.951,0.196
0.657,0.392,0.835,0.996,0.68,0.12,0.687,0.192,0.553,0.159
0.585,0.619,0.599,0.669,0.527,0.286,0.483,0.089,0.744,0.151
0.097,0.501,0.353,0.304,0.346,0.437,0.013,0.909,0.383,0.597
0.577,0.075,0.859,0.722,0.978,0.312,0.11,0.418,0.061,0.472
0.816,0.076,0.876,0.211,0.165,0.023,0.801,0.546,0.371,0.252
0.681,0.128,0.02,0.156,0.069,0.103,0.288,0.703,0.058,0.736
0.297,0.839,0.854,0.265,0.971,0.564,0.037,0.022,0.782,0.832
0.368,0.509,0.53,0.609,0.486,0.996,0.371,0.256,0.708,0.209
0.028,0.533,0.671,0.478,0.052,0.323,0.134,0.036,0.569,0.507
0.907,0.364,0.425,0.833,0.386,0.643,0.87,0.042,0.361,0.976
0.594,0.389,0.177,0.267,0.942,0.407,0.512,0.153,0.614,0.262
0.032,0.751,0.16,0.257,0.555,0.244,0.746,0.049,0.935,0.933
0.837,0.739,0.847,0.506,0.769,0.781,0.026,0.21,0.49,0.964
0.377,0.917,0.001,0.707,0.958,0.098,0.939,0.344,0.815,0.237
0.927,0.684,0.839,0.011,0.275,0.956,0.584,0.512,0.992,0.595
0.938,0.158,1,0.883,0.754,0.94,0.905,0.978,0.758,0.475
0.052,0.461,0.791,0.556,0.307,0.589,0.949,0.191,0.075,0.599
0.925,0.117,0.515,0.779,0.165,0.727,0.906,0.945,0.467,0.525
0.352,0.363,0.809,0.314,0.708,0.223,0.373,0.731,0.791,0.699
0.114,0.402,0.68,0.856,0.234,0.125,0.931,0.321,0.547,0.976
0.045,0.606,0.065,0.499,0.507,0.339,0.281,0.337,0.984,0.092
0.353,0.226,0.518,0.63,0.95,0.813,0.345,0.254,0.458,0.506
0.951,0.929,0.688,0.18,0.527,0.585,0.731,0.484,0.233,0.464
0.595,0.154,0.792,0.801,0.019,0.683,0.207,0.122,0.126,0.377
0.226,0.442,0.034,0.846,0.015,0.385,0.674,0.741,0.079,0.666
0.091,0.144,0.301,0.956,0.98,0.447,0.933,0.838,0.432,0.905
0.956,0.733,0.269,0.503,0.069,0.614,0.083,0.879,0.111,0.059
0.734,0.882,0.196,0.491,0.086,0.427,0.428,0.05,0.283,0.179
0.988,0.181,0.876,0.651,0.525,0.736,0.719,0.159,0.841,0.218
0.582,0.887,0.94,0.383,0.422,0.548,0.665,0.35,0.623,0.214
0.797,0.729,0.844,0.968,0.704,0.481,0.442,0.243,0.33,0.859
0.236,0.628,0.126,0.392,0.39,0.118,0.203,0.424,0.805,0.165
0.482,0.656,0.305,0.448,0.372,0.255,0.977,0.246,0.633,0.722
0.715,0.504,0.853,0.174,0.863,0.799,0.929,0.898,0.602,0.392
0.07,0.982,0.33,0.802,0.509,0.856,0.523,0.358,0.175,0.6
0.688,0.768,0.864,0.408,0.129,0.068,0.512,0.292,0.278,0.255
0.883,0.984,0.769,0.754,0.996,0.899,0.372,0.678,0.91,0.494
0.496,0.671,0.496,0.693,0.9,0.121,0.058,0.847,0.962,0.33
0.52,0.672,0.416,0.779,0.84,0.797,0.789,0.349,0.711,0.836
0.54,0.643,0.282,0.208,0.516,0.844,0.318,0.768,0.917,0.943
0.204,0.716,0.495,0.348,0.464,0.437,0.09,0.15,0.849,0.727
0.542,0.778,0.66,0.527,0.329,0.44,0.246,0.586,0.737,0.166
0.154,0.001,0.827,0.623,0.898,0.321,0.15,0.958,0.889,0.675
0.737,0.386,0.402,0.99,0.953,0.959,0.789,0.832,0.263,0.061
0.15,0.208,0.726,0.337,0.668,0.336,0.547,0.49,0.221,0.347
0.449,0.171,0.494,0.667,0.506,0.112,0.64,0.479,0.179,0.075
0.669,0.483,0.322,0.222,0.377,0.007,0.128,0.468,0.45,0.445
0.735,0.359,0.972,0.903,0.314,0.882,0.588,0.797,0.77,0.235
0.123,0.345,0.271,0.961,0.618,0.76,0.922,0.321,0.999,0.811
0.545,0.894,0.499,0.352,0.925,0.515,0.776,0.933,0.534,0.777
0.95,0.657,0.579,0.285,0.928,0.163,0.802,0.463,0.891,0.954
0.742,0.368,0.87,0.035,0.604,0.213,0.693,0.254,0.686,0.446
0.847,0.165,0.517,0.553,0.663,0.273,0.451,0.577,0.131,0.057
0.553,0.135,0.419,0.808,0.215,0.699,0.358,0.518,0.468,0.717
0.17,0.319,0.662,0.953,0.59,0.336,0.176,0.633,0.046,0.686
0.191,0.835,0.604,0.005,0.036,0.251,0.914,0.199,0.883,0.009
0.297,0.863,0.868,0.17,0.49,0.925,0.922,0.965,0.007,0.629
0.743,0.241,0.704,0.419,0.07,0.373,0.943,0.594,0.675,0.623
0.725,0.038,0.839,0.111,0.595,0.989,0.965,0.185,0.444,0.437
0.908,0.886,0.967,0.41,0.833,0.963,0.015,0.773,0.424,0.043
0.544,0.791,0.49,0.958,0.884,0.008,0.758,0.474,0.023,0.429
0.151,0.201,0.049,0.027,0.168,0.525,0.274,0.525,0.359,0.836
0.197,0.131,0.669,0.855,0.787,0.168,0.874,0.073,0.769,0.755
0.626,0.756,0.652,0.12,0.224,0.799,0.829,0.548,0.234,0.829
0.625,0.848,0.675,0.762,0.922,0.353,0.873,0.426,0.492,0.4
0.582,0.601,0.813,0.012,0.155,0.89,0.918,0.74,0.865,0.612
0.215,0.435,0.756,0.893,0.569,0.079,0.701,0.525,0.437,0.379
0.541,0.89,0.439,0.19,0.775,0.469,0.086,0.797,0.646,0.113
0.527,0.136,0.787,0.311,0.603,0.954,0.863,0.736,0.695,0.1
0.131,0.746,0.032,0.017,0.917,0.193,0.1,0.465,0.874,0.788
0.963,0.367,0.172,0.931,0.113,0.255,0.254,0.58,0.843,0.6
0.572,0.106,0.242,0.953,0.573,0.503,0.154,0.48,0.818,0.763
0.289,0.257,0.294,0.03,0.158,0.662,0.309,0.035,0.308,0.374
0.078,0.592,0.286,0.053,0.719,0.061,0.109,0.04,0.82,0.946
0.728,0.06,0.859,0.499,0.367,0.48,0.708,0.883,0.852,0.498
0.288,0.486,0.173,0.768,0.625,0.578,0.203,0.039,0.814,0.721
0.814,0.904,0.693,0.28,0.984,0.053,0.177,0.269,0.954,0.048
0.643,0.796,0.921,0.395,0.706,0.4,0.164,0.14,0.132,0.515
0.223,0.129,0.579,0.62,0.34,0.818,0.167,0.036,0.685,0.376
0.97,0.616,0.093,0.05,0.999,0.759,0.868,0.051,0.416,0.748
0.254,0.276,0.732,0.758,0.026,0.425,0.715,0.426,0.194,0.161
0.276,0.965,0.624,0.372,0.247,0.978,0.626,0.244,0.794,0.122
0.955,0.692,0.095,0.36,0.748,0.98,0.407,0.64,0.753,0.577
0.151,0.157,0.127,0.172,0.048,0.693,0.278,0.044,0.351,0.151
0.399,0.5,0.534,0.563,0.276,0.411,0.207,0.891,0.577,0.02
0.594,0.257,0.206,0.922,0.405,0.31,0.029,0.5,0.306,0.985
0.781,0.806,0.938,0.792,0.208,0.562,0.52,0.529,0.262,0.98
0.376,0.307,0.779,0.334,0.721,0.753,0.279,0.893,0.284,0.589
0.656,0.578,0.426,0.807,0.43,0.421,0.74,0.476,0.812,0.21
0.555,0.741,0.124,0.215,0.411,0.966,0.699,0.072,0.847,0.415
0.407,0.823,0.665,0.131,0.065,0.729,0.032,0.836,0.787,0.502
0.84,0.271,0.338,0.814,0.031,0.194,0.623,0.827,0.693,0.331
0.121,0.048,0.922,0.931,0.816,0.374,0.441,0.689,0.441,0.781
0.555,0.137,0.945,0.189,0.101,0.741,0.164,0.353,0.049,0.47
0.677,0.401,0.763,0.395,0.875,0.016,0.398,0.819,0.134,0.305
0.532,0.366,0.336,0.273,0.086,0.964,0.85,0.278,0.969,0.801
0.029,0.229,0.985,0.849,0.241,0.657,0.779,0.893,0.735,0.996
0.608,0.774,0.568,0.851,0.928,0.987,0.488,0.777,0.392,0.883
0.325,0.023,0.676,0.862,0.577,0.871,0.808,0.093,0.103,0.496
0.467,0.034,0.393,0.448,0.505,0.51,0.207,0.912,0.502,0.604
0.38,0.968,0.052,0.628,0.826,0.423,0.413,0.653,0.52,0.027
0.383,0.32,0.525,0.782,0.724,0.816,0.758,0.85,0.134,0.433
0.485,0.253,0.371,0.045,0.345,0.477,0.948,0.058,0.799,0.553
0.113,0.796,0.451,0.843,0.301,0.979,0.837,0.79,0.116,0.387
0.809,0.367,0.54,0.489,0.452,0.851,0.489,0.797,0.084,0.098
0.563,0.006,0.718,0.185,0.935,0.848,0.989,0.77,0.997,0.348
0.261,0.328,0.264,0.475,0.528,0.591,0.683,0.826,0.705,0.774
0.403,0.045,0.584,0.591,0.723,0.11,0.795,0.292,0.668,0.237
0.506,0.394,0.542,0.451,0.524,0.943,0.376,0.208,0.348,0.752
0.489,0.586,0.819,0.923,0.658,0.135,0.741,0.087,0.578,0.918
0.991,0.254,0.295,0.435,0.285,0.87,0.609,0.739,0.843,0.794
0.011,0.362,0.002,0.558,0.257,0.912,0.936,0.677,0.17,0.536
0.155,0.4,0.957,0.272,0.773,0.321,0.839,0.864,0.818,0.035
0.221,0.949,0.538,0.893,0.303,0.431,0.531,0.615,0.47,0.709
0.116,0.368,0.065,0.777,0.009,0.502,0.654,0.56,0.824,0.87
0.855,0.741,0.245,0.935,0.418,0.02,0.754,0.632,0.782,0.221
0.296,0.352,0.272,0.939,0.86,0.214,0.704,0.88,0.085,0.252
0.333,0.252,0.438,0.161,0.867,0.928,0.37,0.306,0.25,0.378
0.909,0.357,0.6,0.851,0.098,0.336,0.223,0.831,0.368,0.376
0.392,0.779,0.665,0.349,0.111,0.488,0.439,0.716,0.584,0.638
0.148,0.633,0.477,0.893,0.718,0.113,0.387,0.383,0.416,0.973
0.843,0.754,0.396,0.147,0.532,0.376,0.084,0.514,0.753,0.382
0.762,0.551,0.17,0.22,0.267,0.843,0.352,0.234,0.229,0.326
0.933,0.821,0.415,0.836,0.837,0.218,0.431,0.604,0.99,0.082
0.376,0.102,0.617,0.389,0.42,0.232,0.918,0.342,0.449,0.113
0.606,0.952,0.06,0.14,0.547,0.432,0.598,0.845,0.555,0.205
0.607,0.419,0.296,0.713,0.251,0.791,0.989,0.525,0.799,0.149
0.369,0.54,0.507,0.03,0.588,0.258,0.151,0.161,0.651,0.396
0.469,0.232,0.923,0.821,0.276,0.718,0.898,0.551,0.282,0.491
0.583,0.676,0.395,0.753,0.725,0.339,0.104,0.603,0.057,0.174
0.503,0.524,0.859,0.781,0.549,0.92,0.417,0.585,0.671,0.761
0.413,0.374,0.329,0.039,0.479,0.949,0.294,0.827,0.106,0.786
0.312,0.773,0.903,0.053,0.056,0.258,0.199,0.285,0.997,0.903
0.459,0.867,0.804,0.301,0.384,0.446,0.912,0.965,0.944,0.53
0.458,0.746,0.828,0.167,0.542,0.085,0.467,0.436,0.341,0.552
0.161,0.618,0.532,0.398,0.377,0.398,0.916,0.228,0.506,0.299
0.329,0.748,0.227,0.061,0.527,0.903,0.282,0.993,0.509,0.818
0.548,0.447,0.134,0.102,0.129,0.251,0.655,0.814,0.195,0.834
0.011,0.376,0.28,0.054,0.148,0.413,0.033,0.196,0.474,0.822
0.6,0.485,0.305,0.299,0.734,0.055,0.07,0.947,0.205,0.015
0.644,0.325,0.482,0.669,0.704,0.312,0.063,0.153,0.822,0.14
0.089,0.402,0.766,0.959,0.431,0.485,0.223,0.658,0.083,0.273
0.696,0.851,0.939,0.385,0.609,0.499,0.158,0.412,0.435,0.663
0.255,0.41,0.399,0.402,0.843,0.739,0.055,0.327,0.632,0.726
0.645,0.642,0.025,0.014,0.506,0.402,0.945,0.055,0.612,0.841
0.788,0.107,0.317,0.844,0.095,0.901,0.124,0.17,0.397,0.059
0.815,0.045,0.208,0.806,0.9,0.143,0.152,0.119,0.862,0.941
0.321,0.443,0.458,0.246,0.281,0.392,0.586,0.402,0.119,0.031
0.13,0.285,0.95,0.251,0.168,0.032,0.065,0.719,0.226,0.091
0.304,0.86,0.029,0.224,0.807,0.645,0.884,0.334,0.354,0.679
0.701,0.568,0.941,0.283,0.031,0.023,0.164,0.205,0.11,0.461
0.311,0.816,0.913,0.342,0.633,0.039,0.726,0.685,0.364,0.455
0.104,0.712,0.091,0.004,0.84,0.299,0.261,0.366,0.794,0.205
0.129,0.228,0.036,0.667,0.617,0.772,0.911,0.93,0.517,0.478
0.098,0.802,0.371,0.004,0.179,0.079,0.109,0.336,0.918,0.833
0.644,0.1,0.644,0.619,0.95,0.523,0.758,0.016,0.769,0.038
0.488,0.608,0.556,0.918,0.349,0.386,0.726,0.452,0.216,0.826
0.339,0.728,0.317,0.956,0.42,0.294,0.163,0.834,0.531,0.436
0.724,0.442,0.281,0.276,0.206,0.297,0.728,0.741,0.705,0.351
0.39,0.186,0.412,0.699,0.84,0.216,0.627,0.006,0.635,0.686
0.705,0.462,0.992,0.888,0.984,0.163,0.648,0.854,0.302,0.809
0.536,0.361,0.232,0.284,0.571,0.924,0.858,0.287,0.973,0.59
0.427,0.253,0.509,0.976,0.254,0.861,0.015,0.707,0.68,0.173
0.963,0.051,0.858,0.611,0.568,0.116,0.867,0.014,0.361,0.7
0.826,0.66,0.255,0.536,0.482,0.917,0.526,0.802,0.769,0.865
0.363,0.816,0.836,0.921,0.944,0.714,0.986,0.872,0.951,0.292
0.366,0.95,0.927,0.666,0.63,0.351,0.535,0.193,0.933,0.689
0.805,0.444,0.919,0.721,0.395,0.878,0.106,0.778,0.703,0.863
0.513,0.347,0.823,0.239,0.307,0.558,0.452,0.172,0.23,0.017
0.805,0.112,0.286,0.492,0.189,0.81,0.586,0.401,0.453,0.675
0.163,0.375,0.501,0.452,0.989,0.663,0.836,0.39,0.233,0.386
0.702,0.477,0.107,0.724,0.729,0.969,0.503,0.058,0.209,0.453
0.544,0.242,0.106,0.076,0.558,0.639,0.818,0.018,0.676,0.084
0.513,0.205,0.374,0.911,0.879,0.276,0.782,0.42,0.122,0.451
0.434,0.959,0.241,0.06,0.696,0.644,0.235,0.734,0.429,0.296
0.626,0.946,0.89,0.836,0.15,0.548,0.717,0.327,0.78,0.657
0.595,0.111,0.124,0.699,0.203,0.028,0.174,0.732,0.696,0.827
0.596,0.878,0.708,0.162,0.206,0.581,0.334,0.193,0.41,0.165
0.261,0.497,0.349,0.877,0.892,0.081,0.892,0.581,0.795,0.647
0.38,0.681,0.332,0.289,0.586,0.349,0.085,0.549,0.089,0.097
0.616,0.564,0.287,0.559,0.919,0.173,0.607,0.057,0.393,0.179
0.069,0.157,0.866,0.867,0.442,0.825,0.323,0.777,0.933,0.413
0.321,0.648,0.15,0.802,0.519,0.073,0.072,0.914,0.304,0.348
0.978,0.065,0.733,0.474,0.423,0.68,0.194,0.609,0.507,0.168
0.617,0.945,0.032,0.031,0.526,0.817,0.052,0.003,0.619,0.533
0.017,0.241,0.576,0.627,0.585,0.579,0.349,0.073,0.352,0.728
0.048,0.345,0.906,0.828,0.96,0.599,0.861,0.789,0.215,0.764
0.677,0.972,0.038,0.374,0.608,0.785,0.11,0.706,0.25,0.468
0.399,0.681,0.384,0.958,0.261,0.887,0.534,0.616,0.408,0.809
0.684,0.107,0.304,0.411,0.006,0.911,0.082,0.716,0.516,0.689
0.866,0.995,0.773,0.073,0.925,0.026,0.907,0.203,0.033,0.021
0.638,0.378,0.865,0.384,0.039,0.747,0.358,0.157,0.775,0.859
0.356,0.358,0.563,0.206,0.539,0.096,0.198,0.852,0.338,0.649
0.414,0.853,0.342,0.452,0.182,0.603,0.887,0.802,0.703,0.744
0.543,0.4,0.422,0.067,0.891,0.134,0.914,0.789,0.484,0.199
0.766,0.399,0.357,0.163,0.509,0.593,0.034,0.747,0.576,0.715
0.703,0.778,0.003,0.606,0.569,0.188,0.762,0.896,0.458,0.019
0.501,0.944,0.522,0.742,0.102,0.935,0.318,0.993,0.379,0.317
0.261,0.678,0.955,0.236,0.826,0.256,0.465,0.877,0.186,0.969
0.898,0.07,0.319,0.361,0.843,0.51,0.52,0.493,0.018,0.339
0.919,0.161,0.209,0.801,0.527,0.039,0.693,0.054,0.887,0.395
0.192,0.768,0.071,0.988,0.321,0.078,0.322,0.635,0.26,0.493
0.326,0.388,0.959,0.36,0.569,0.705,0.091,0.641,0.206,0.707
0.721,0.254,0.801,0.063,0.98,0.317,0.017,0.481,0.275,0.467
0.254,0.798,0.599,0.879,0.505,0.823,0.819,0.504,0.011,0.611
0.028,0.656,0.605,0.028,0.814,0.529,0.739,0.555,0.101,0.049
0.066,0.01,0.974,0.028,0.953,0.344,0.75,0.961,0.405,0.891
0.541,0.867,0.823,0.5,0.897,0.855,0.206,0.645,0.267,0.827
0.562,0.775,0.519,0.756,0.538,0.845,0.705,0.007,0.929,0.709
0.49,0.172,0.076,0.449,0.243,0.923,0.181,0.235,0.24,0.642
0.482,0.77,0.846,0.093,0.107,0.339,0.932,0.993,0.779,0.413
0.053,0.074,0.913,0.186,0.102,0.23,0.216,0.365,0.252,0.844
0.455,0.303,0.086,0.912,0.325,0.807,0.474,0.636,0.229,0.424
0.631,0.649,0.953,0.625,0.895,0.109,0.466,0.309,0.241,0.712
0.266,0.327,0.077,0.008,0.058,0.113,0.555,0.98,0.323,0.014
0.206,0.306,0.053,0.438,0.026,0.995,0.128,0.757,0.163,0.418
0.247,0.572,0.329,0.314,0.736,0.898,0.25,0.673,0.969,0.556
0.607,0.681,0.753,0.076,0.42,0.104,0.018,0.345,0.003,0.486
0.297,0.677,0.786,0.528,0.001,0.37,0.936,0.385,0.841,0.662
0.228,0.499,0.833,0.005,0.737,0.295,0.529,0.361,0.764,0.233
0.063,0.544,0.319,0.652,0.108,0.982,0.261,0.018,0.457,0.083
0.618,0.314,0.116,0.483,0.042,0.19,0.757,0.498,0.544,0.308
0.895,0.601,0.47,0.042,0.749,0.792,0.816,0.292,0.285,0.002
0.542,0.848,0.113,0.08,0.756,0.65,0.662,0.087,0.951,0.19
0.215,0.892,0.098,0.892,0.863,0.518,0.638,0.651,0.366,0.886
0.578,0.85,0.785,0.753,0.147,0.651,0.928,0.433,0.103,0.372
0.782,0.778,0.251,0.934,0.275,0.963,0.676,0.086,0.439,0.739
0.724,0.528,0.273,0.379,0.903,0.333,0.722,0.054,0.338,0.435
0.989,0.671,0.67,0.736,0.879,0.658,0.25,0.107,0.765,0.501
0.856,0.545,0.831,0.55,0.418,0.33,0.433,0.055,0.331,0.803
0.055,0.57,0.69,0.042,0.893,0.483,0.203,0.537,0.535,0.19
0.124,0.007,0.292,0.704,0.136,0.891,0.48,0.812,0.258,0.35
0.667,0.285,0.931,0.499,0.654,0.658,0.815,0.341,0.61,0.434
0.237,0.636,0.889,0.626,0.658,0.107,0.027,0.692,0.978,0.021
0.144,0.294,0.879,0.146,0.762,0.893,0.635,0.104,0.094,0.44
0.884,0.552,0.31,0.744,0.304,0.65,0.542,0.137,0.791,0.829
0.206,0.296,0.78,0.344,0.419,0.059,0.592,0.001,0.624,0.271
0.088,0.117,0.187,0.817,0.521,0.704,0.248,0.69,0.89,0.754
0.335,0.485,0.109,0.89,0.786,0.221,0.226,0.338,0.982,0.292
0.311,0.741,0.888,0.385,0.383,0.874,0.974,0.587,0.27,0.612
0.66,0.702,0.61,0.248,0.17,0.468,0.66,0.378,0.991,0.09
0.038,0.269,0.077,0.175,0.169,0.008,0.517,0.352,0.552,0.354
0.188,0.312,0.196,0.077,0.254,0.791,0.888,0.147,0.781,0.72
0.638,0.758,0.678,0.979,0.515,0.874,0.855,0.064,0.447,0.772
0.989,0.447,0.851,0.147,0.119,0.642,0.717,0.485,0.746,0.381
0.324,0.235,0.643,0.65,0.305,0.502,0.006,0.938,0.073,0.247
0.437,0.337,0.131,0.736,0.38,0.66,0.848,0.374,0.793,0.593
0.972,0.595,0.616,0.929,0.644,0.554,0.165,0.01,0.355,0.879
0.905,0.133,0.059,0.785,0.014,0.09,0.295,0.563,0.964,0.327
0.465,0.844,0.407,0.02,0.913,0.03,0.632,0.02,0.179,0.639
0.513,0.672,0.314,0.027,0.076,0.205,0.449,0.774,0.8,0.109
0.408,0.769,0.729,0.482,0.107,0.472,0.877,0.225,0.967,0.146
0.111,0.577,0.034,0.466,0.682,0.989,0.316,0.938,0.796,0.718
0.338,0.058,0.746,0.913,0.304,0.037,0.463,0.011,0.744,0.014
0.578,0.534,0.255,0.388,0.501,0.475,0.675,0.002,0.896,0.183
0.719,0.047,0.894,0.425,0.887,0.272,0.458,0.762,0.802,0.336
0.794,0.169,0.937,0.688,0.565,0.853,0.46,0.259,0.11,0.83
0.425,0.076,0.853,0.787,0.104,0.584,0.819,0.08,0.372,0.061
0.201,0.697,0.235,0.991,0.302,0.528,0.622,0.903,0.864,0.451
0.923,0.652,0.616,0.078,0.576,0.727,0.941,0.688,0.373,0.236
0.313,0.092,0.277,0.112,0.837,0.952,0.309,0.011,0.171,0.285
0.476,0.656,0.322,0.934,0.335,0.253,0.61,0.236,0.215,0.025
0.402,0.908,0.665,0.405,0.286,0.696,0.749,0.466,0.206,0.528
0.853,0.052,0.627,0.311,0.169,0.255,0.472,0.423,0.436,0.283
0.323,0.881,0.542,0.42,0.664,0.984,0.634,0.818,0.671,0.247
0.988,0.989,0.656,0.418,0.512,0.963,0.707,0.461,0.528,0.455
0.764,0.482,0.162,0.631,0.063,0.072,0.697,0.912,0.481,0.457
0.055,0.479,0.256,0.664,0.011,0.845,0.661,0.748,0.616,0.674
0.905,0.636,0.28,0.244,0.255,0.805,0.119,0.833,0.73,0.989
0.288,0.864,0.712,0.298,0.245,0.804,0.243,0.664,0.085,0.878
0.582,0.126,0.6,0.624,0.409,0.008,0.198,0.363,0.693,0.608
0.627,0.128,0.897,0.527,0.975,0.466,0.836,0.442,0.303,0.748
0.509,0.659,0.129,0.642,0.032,0.201,0.544,0.344,0.443,0.232
0.665,0.746,0.078,0.005,0.361,0.151,0.578,0.206,0.32,0.278
0.544,0.569,0.296,0.149,0.23,0.756,0.322,0.71,0.483,0.066
0.732,0.296,0.149,0.946,0.704,0.189,0.853,0.876,0.586,0.027
0.693,0.435,0.812,0.515,0.732,0.921,0.673,0.509,0.294,0.95
0.745,0.3,0.07,0.591,0.686,0.81,0.224,0.453,0.491,0.681
0.466,0.023,0.723,0.345,0.804,0.837,0.492,0.278,0.085,0.45
0.511,0.819,0.341,0.096,0.697,0.556,0.141,0.35,0.202,0.525
0.309,0.297,0.393,0.331,0.247,0.659,0.909,0.696,0.154,0.01
0.622,0.946,0.572,0.706,0.758,0.203,0.433,0.955,0.144,0.436
0.937,0.871,0.192,0.052,0.398,0.721,0.692,0.473,0.6,0.65
0.464,0.244,0.29,0.393,0.236,0.896,0.939,0.535,0.949,0.241
0.186,0.501,0.947,0.257,0.787,0.885,0.975,0.649,0.462,0.849
0.622,0.93,0.171,0.51,0.421,0.983,0.078,0.259,0.367,0.315
0.368,0.329,0.998,0.447,0.643,0.409,0.071,0.47,0.67,0.757
0.34,0.535,0.351,0.537,0.215,0.896,0.111,0.327,0.532,0.969
0.215,0.216,0.106,0.869,0.023,0.628,0.927,0.501,0.984,0.633
0.233,0.411,0.899,0.555,0.276,0.413,0.635,0.118,0.48,0.548
0.298,0.503,0.535,0.349,0.208,0.734,0.264,0.375,0.319,0.772
0.842,0.615,0.928,0.916,0.38,0.746,0.445,0.402,0.673,0.295
0.603,0.207,0.022,0.861,0.372,0.039,0.21,0.959,0.162,0.187
0.664,0.22,0.382,0.656,0.947,0.366,0.178,0.609,0.539,0.092
0.372,0.827,0.015,0.675,0.381,0.073,0.584,0.047,0.805,0.346
0.095,0.793,0.323,0.736,0.097,0.548,0.478,0.567,0.626,0.708
0.244,0.648,0.467,0.716,0.08,0.518,0.411,0.039,0.616,0.416
0.105,0.919,0.597,0.438,0.865,0.929,0.042,0.577,0.094,0.782
0.953,0.669,0.227,0.963,0.463,0.182,0.143,0.994,0.969,0.431
0.162,0.834,0.519,0.39,0.322,0.651,0.166,0.271,0.165,0.025
0.05,0.306,0.276,0.374,0.854,0.165,0.049,0.15,0.567,0.925
0.121,0.393,0.627,0.079,0.909,0.43,0.73,0.438,0.821,0.426
0.459,0.038,0.739,0.55,0.909,0.567,0.09,0.666,0.978,0.456
0.315,0.948,0.269,0.064,0.365,0.43,0.647,0.715,0.057,0.8
0.368,0.158,0.033,0.533,0.458,0.788,0.572,0.258,0.774,0.162
0.143,0.014,0.141,0.347,0.264,0.498,0.12,0.091,0.313,0.944
0.07,0.003,0.707,0.414,0.708,0.046,0.895,0.06,0.843,0.152
0.687,0.686,0.019,0.08,0.115,0.592,0.366,0.194,0.966,0.544
0.214,0.379,0.838,0.156,0.611,0.574,0.616,0.388,0.186,0.633
0.26,0.847,0.873,0.849,0.678,0.298,0.844,0.12,0.744,0.358
0.62,0.113,0.818,0.858,0.885,0.061,0.904,0.546,0.16,0.161
0.61,0.923,0.935,0.893,0.938,0.759,0.209,0.018,0.514,0.117
0.447,0.474,0.069,0.175,0.046,0.071,0.358,0.094,0.878,0.487
0.777,0.018,0.653,0.925,0.593,0.224,0.714,0.499,0.97,0.69
0.974,0.033,0.228,0.839,0.339,0.342,0.985,0.838,0.562,0.009
0.654,0.32,0.598,0.934,0.873,0.677,0.124,0.795,0.306,0.375
0.764,0.088,0.471,0.233,0.332,0.369,0.747,0.83,0.298,0.431
0.325,0.338,0.739,0.01,0.932,0.881,0.427,0.8,0.615,0.512
0.507,0.246,0.509,0.47,0.977,0.916,0.913,0.787,0.789,0.302
0.609,0.369,0.399,0.524,0.449,0.728,0.988,0.941,0.567,0.186
0.431,0.69,0.305,0.45,0.45,0.763,0.007,0.553,0.783,0.568
0.452,0.162,0.85,0.491,0.305,0.174,0.794,0.862,0.585,0.908
0.333,0.065,0.941,0.557,0.718,0.956,0.974,0.439,0.73,0.934
0.377,0.804,0.54,0.899,0.601,0.13,0.42,0.824,0.51,0.469
0.371,0.698,0.077,0.618,0.019,0.667,0.085,0.636,0.783,0.777
0.607,0.553,0.885,0.301,0.099,0.563,0.713,0.5,0.614,0.949
0.81,0.754,0.578,0.209,0.33,0.24,0.342,0.936,0.91,0.425
0.944,0.907,0.448,0.442,0.309,0.268,0.033,0.549,0.898,0.042
0.036,0.726,0.579,0.567,0.512,0.924,0.097,0.342,0.131,0.631
0.623,0.012,0.944,0.698,0.461,0.007,0.287,0.259,0.478,0.802
0.516,0.832,0.784,0.56,0.535,0.046,0.312,0.52,0.976,0.641
0.858,0.052,0.701,0.773,0.018,0.875,0.092,0.527,0.448,0.697
0.867,0.552,0.794,0.125,0.406,0.08,0.69,0.457,0.606,0.619
0.442,0.014,0.984,0.109,0.976,0.482,0.406,0.097,0.518,0.181
0.459,0.44,0.221,0.954,0.925,0.766,0.851,0.75,0.136,0.947
0.994,0.854,0.088,0.132,0.481,0.21,0.321,0.609,0.274,0.918
0.522,0.576,0.541,0.969,0.218,0.834,0.792,0.138,0.791,0.029
0.809,0.58,0.843,0.695,0.194,0.454,0.809,0.852,0.961,0.702
0.56,0.674,0.582,0.268,0.631,0.583,0.593,0.205,0.4,0.417
0.921,0.569,0.898,0.729,0.854,0.704,0.564,0.068,0.436,0.288
0.301,0.003,0.375,0.172,0.936,0.506,0.772,0.714,0.855,0.186
0.368,0.616,0.209,0.577,0.056,0.431,0.758,0.18,0.457,0.755
0.372,0.308,0.99,0.386,0.077,0.75,0.909,0.134,0.537,0.727
0.411,0.112,0.177,0.297,0.639,0.883,0.911,0.33,0.699,0.789
0.703,0.606,0.056,0.91,0.901,0.544,0.896,0.461,0.418,0.89
0.257,0.533,0.722,0.299,0.44,0.345,0.077,0.787,0.864,0.987
0.008,0.46,0.628,0.787,0.404,0.234,0.519,0.104,0.428,0.787
0.387,0.821,0.528,0.099,0.081,0.063,0.893,0.444,0.625,0.92
0.917,0.89,0.679,0.174,0.506,0.965,0.821,0.784,0.426,0.666
0.136,0.923,0.586,0.633,0.728,0.642,0.091,0.032,0.238,0.99
0.159,0.022,0.325,0.701,0.2,0.61,0.98,0.501,0.183,0.912
0.67,0.98,0.053,0.437,0.723,0.962,0.379,0.209,0.801,0.971
0.515,0.639,0.631,0.367,0.935,0.463,0.536,0.705,0.934,0.159
0.122,0.666,0.253,0.826,0.844,0.662,0.735,0.903,0.606,0.287
0.864,0.154,0.924,0.983,0.902,0.961,0.973,0.204,0.616,0.601
0.341,0.441,0.174,0.475,0.573,0.855,0.247,0.647,0.128,0.451
0.014,0.047,0.11,0.817,0.098,0.773,0.318,0.306,0.201,0.087
0.58,0.532,0.666,0.188,0.756,0.329,0.498,0.441,0.477,0.537
0.652,0.48,0.064,0.2,0.172,0.49,0.89,0.408,0.433,0.182
0.7,0.004,0.633,0.765,0.757,0.613,0.925,0.683,0.216,0.84
0.318,0.973,0.631,0.43,0.63,0.621,0.824,0.337,0.978,0.078
0.527,0.443,0.698,0.03,0.198,0.63,0.202,0.317,0.878,0.598
0.791,0.699,0.276,0.147,0.84,0.245,0.763,0.709,0.2,0.883
0.352,0.008,0.579,0.158,0.491,0.963,0.697,0.341,0.164,0.257
0.196,0.716,0.965,0.303,0.49,0.073,0.415,0.03,0.943,0.462
0.088,0.097,0.13,0.493,0.04,0.87,0.099,0.796,0.922,0.429
0.097,0.304,0.517,0.718,0.122,0.105,0.484,0.465,0.995,0.351
0.894,0.412,0.775,0.762,0.59,0.581,0.255,0.164,0.954,0.462
0.86,0.595,0.626,0.595,0.14,0.456,0.409,0.289,0.761,0.861
0.935,0.964,0.735,0.581,0.023,0.844,0.187,0.214,0.174,0.674
0.782,0.62,0.344,0.095,0.734,0.528,0.359,0.343,0.591,0.604
0.392,0.848,0.816,0.579,0.235,0.221,0.505,0.36,0.167,0.205
0.211,0.039,0.875,0.131,0.449,0.314,0.218,0.733,0.781,0.384
0.977,0.471,0.428,0.224,0.759,0.166,0.713,0.423,0.697,0.481
0.958,0.188,0.645,0.775,0.811,0.078,0.819,0.032,0.573,0.578
0.826,0.951,0.034,0.881,0.505,0.529,0.016,0.592,0.725,0.486
0.914,0.67,0.676,0.474,0.444,0.103,0.433,0.465,0.677,0.999
0.323,0.332,0.106,0.913,0.892,0.134,0.23,0.999,0.788,0.465
0.715,0.389,0.512,0.236,0.279,0.792,0.864,0.994,0.042,0.224
0.727,0.403,0.982,0.586,0.35,0.952,0.953,0.358,0.024,0.763
0.299,0.17,0.618,0.486,0.432,0.945,0.908,0.459,0.327,0.742
0.697,0.844,0.071,0.458,0.922,0.794,0.48,0.699,0.649,0.661
0.25,0.249,0.031,0.254,0.423,0.407,0.877,0.705,0.813,0.215
0.371,0.706,0.494,0.949,0.841,0.162,0.697,0.53,0.794,0.652
0.369,0.387,0.003,0.473,0.14,0.918,0.719,0.605,0.466,0.423
0.003,0.731,0.724,0.998,0.993,0.009,0.737,0.583,0.544,0.856
0.817,0.811,0.814,0.102,0.978,0.975,0.119,0.917,0.068,0.293
0.873,0.396,0.172,0.046,0.43,0.716,0.058,0.781,0.524,0.304
0.913,0.482,0.087,0.88,0.748,0.052,0.472,0.909,0.988,0.335
0.256,0.227,0.77,0.402,0.95,0.457,0.388,0.199,0.289,0.062
0.05,0.51,0.141,0.484,0.337,0.033,0.48,0.81,0.565,0.556
0.538,0.444,0.523,0.615,0.454,0.464,0.58,0.637,0.353,0.493
0.452,0.192,0.181,0.828,0.143,0.575,0.832,0.661,0.604,0.336
0.714,0.497,0.431,0.112,0.824,0.395,0.935,0.252,0.84,0.667
0.325,0.88,0.958,0.508,0.02,0.358,0.645,0.65,0.124,0.689
0.829,0.671,0.889,0.672,0.936,0.75,0.38,0.425,0.128,0.204
0.648,0.948,0.186,0.966,0.462,0.542,0.194,0.091,0.188,0.218
0.046,0.417,0.781,0.477,0.481,0.582,0.204,0.602,0.91,0.177
0.03,0.6,0.893,0.306,0.549,0.545,0.282,0.562,0.441,0.011
0.069,0.34,0.363,0.384,0.058,0.754,0.581,0.215,0.25,0.686
0.761,0.914,0.667,0.859,0.239,0.973,0.933,0.27,0.767,0.621
0.57,0.504,0.711,0.534,0.73,0.525,0.597,0.433,0.343,0.359
0.006,0.746,0.376,0.04,0.769,0.869,0.592,0.566,0.958,0.664
0.586,0.658,0.047,0.804,0.322,0.338,0.102,0.849,0.184,0.852
0.68,0.133,0.243,0.022,0.057,0.65,0.037,0.629,0.3,0.261
0.642,0.13,0.248,0.145,0.173,0.023,0.782,0.401,0.222,0.542
0.284,0.413,0.244,0.192,0.889,0.396,0.829,0.175,0.961,0.897
0.139,0.758,0.8,0.667,0.099,0.989,0.65,0.825,0.736,0.265
0.477,0.535,0.953,0.355,0.551,0.998,0.014,0.783,0.781,0.433
0.458,0.3,0.295,0.615,0.802,0.699,0.206,0.534,0.935,0.548
0.177,0.737,0.248,0.448,0.601,0.943,0.172,0.943,0.483,0.364
0.881,0.044,0.838,0.925,0.872,0.288,0.711,0.608,0.64,0.853
0.59,0.679,0.122,0.494,0.12,0.297,0.893,0.68,0.656,0.883
0.527,0.589,0.776,0.364,0.135,0.039,0.203,0.756,0.926,0.047
0.757,0.572,0.424,0.121,0.325,0.739,0.531,0.816,0.939,0.839
0.234,0.874,0.063,0.415,0.587,0.213,0.207,0.627,0.904,0.21
0.324,0.347,0.669,0.279,0.52,0.138,0.796,0.762,0.76,0.467
0.412,0.257,0.277,0.7,0.437,0.456,0.293,0.197,0.535,0.355
0.472,0.07,0.505,0.181,0.028,0.776,0.417,0.331,0.621,0.7
0.507,0.106,0.309,0.022,0.001,0.211,0.343,0.017,0.955,0.654
0.654,0.562,0.351,0.936,0.47,0.711,0.243,0.015,0.508,0.821
0.318,0.41,0.629,0.288,0.064,0.677,0.744,0.551,0.921,0.859
0.234,0.723,0.81,0.452,0.487,0.716,0.447,0.342,0.266,0.208
0.128,0.62,0.877,0.841,0.236,0.566,0.022,0.269,0.365,0.443
0.366,0.327,0.759,0.628,0.971,0.39,0.934,0.757,0.952,0.095
0.699,0.606,0.484,0.77,0.607,0.107,0.165,0.86,0.774,0.725
0.689,0.699,0.806,0.984,0.605,0.572,0.424,0.357,0.993,0.251
0.56,0.537,0.764,0.077,0.387,0.44,0.054,0.771,0.865,0.761
0.197,0.12,0.516,0.223,0.796,0.226,0.675,0.303,0.671,0.748
0.874,0.737,0.938,0.165,0.517,0.543,0.761,0.322,0.803,0.983
0.691,0.726,0.315,0.717,0.578,0.357,0.084,0.973,0.27,0.876
0.101,0.079,0.087,0.542,0.036,0.387,0.79,0.174,0.1,0.852
0.997,0.975,0.124,0.509,0.23,0.884,0.387,0.981,0.496,0.697
0.347,0.485,0.611,0.691,0.738,0.486,0.055,0.351,0.554,0.02
